,,,2
binance,,,binanceusdm
ETH,,,FIL
 LTC,,, DGB
 BNB,,, 1INCH
 NEO,,, INJ
 QTUM,,, 1000LUNC
 EOS,,, NEAR
 SNT,,, ETC
 BNT,,, LTC
 BCC,,, OP
 GAS,,, DEFI
 BNB.1,,, AUCTION
 BTC,,, FTT
 ETH,,, ANKR
 HSR,,, KNC
 OAX,,, ICP
 DNT,,, BTCDOM
 MCO,,, HOT
 ICN,,, CVX
 MCO.1,,, ZIL
 WTC,,, LTC
 WTC.1,,, BAT
 LRC,,, REEF
 LRC.1,,, ONT
 QTUM.1,,, TRB
 YOYOW,,, AMB
 OMG,,, BEL
 OMG.1,,, GMT
 ZRX,,, ATOM
 ZRX.1,,, REN
 STRAT,,, ADA
 STRAT.1,,, LRC
 SNGLS,,, DOGE
 SNGLS.1,,, SOL
 BQX,,, DOT
 BQX.1,,, NKN
 KNC,,, STMX
 KNC.1,,, XEM
 FUN,,, BNX
 FUN.1,,, DUSK
 SNM,,, ICX
 SNM.1,,, SUSHI
 NEO.1,,, SPELL
 IOTA,,, DASH
 IOTA.1,,, IOTA
 LINK,,, IOST
 LINK.1,,, MKR
 XVG,,, WAVES
 XVG.1,,, APE
 SALT,,, TLM
 SALT.1,,, CRV
 MDA,,, EOS
 MDA.1,,, BTC
 MTL,,, DAR
 MTL.1,,, KLAY
 SUB,,, NEAR
 SUB.1,,, ZEN
 EOS.1,,, ANC
 SNT.1,,, LINK
 ETC,,, WOO
 ETC.1,,, FLOW
 MTH,,, LUNA2
 MTH.1,,, UNFI
 ENG,,, BAND
 ENG.1,,, ANT
 DNT.1,,, TRX
 ZEC,,, DENT
 ZEC.1,,, RSR
 BNT.1,,, BNB
 AST,,, EGLD
 AST.1,,, GAL
 DASH,,, C98
 DASH.1,,, DOGE
 OAX.1,,, SAND
 ICN.1,,, ALPHA
 BTG,,, MANA
 BTG.1,,, TRX
 EVX,,, GTC
 EVX.1,,, PHB
 REQ,,, MATIC
 REQ.1,,, XMR
 VIB,,, LDO
 VIB.1,,, ALICE
 HSR.1,,, OMG
 TRX,,, IOTX
 TRX.1,,, FOOTBALL
 POWR,,, ROSE
 POWR.1,,, KAVA
 ARK,,, CELO
 ARK.1,,, BTC
 YOYOW.1,,, AAVE
 XRP,,, ONE
 XRP.1,,, ALGO
 MOD,,, COMP
 MOD.1,,, SOL
 ENJ,,, YFI
 ENJ.1,,, APT
 STORJ,,, SAND
 STORJ.1,,, XRP
 BNB.2,,, GRT
 VEN,,, BNB
 YOYOW.2,,, XRP
 POWR.2,,, ARPA
 VEN.1,,, RVN
 VEN.2,,, GALA
 KMD,,, ATA
 KMD.1,,, VET
 NULS,,, SXP
 RCN,,, CHR
 RCN.1,,, CVX
 RCN.2,,, ZRX
 NULS.1,,, APT
 NULS.2,,, IMX
 RDN,,, LPT
 RDN.1,,, DYDX
 RDN.2,,, AVAX
 XMR,,, DODO
 XMR.1,,, LDO
 DLT,,, BTS
 WTC.2,,, MATIC
 DLT.1,,, AR
 DLT.2,,, MASK
 AMB,,, LIT
 AMB.1,,, TLM
 AMB.2,,, CTSI
 BCC.1,,, SKL
 BCC.2,,, LINK
 BCC.3,,, 1000XEC
 BAT,,, BLUEBIRD
 BAT.1,,, STG
 BAT.2,,, MTL
 BCPT,,, BLZ
 BCPT.1,,, GMT
 BCPT.2,,, HBAR
 ARN,,, COTI
 ARN.1,,, KSM
 GVT,,, PEOPLE
 GVT.1,,, HNT
 CDT,,, 1000LUNC
 CDT.1,,, API3
 GXS,,, FTM
 GXS.1,,, GAL
 NEO.2,,, QTUM
 NEO.3,,, WAVES
 POE,,, BAKE
 POE.1,,, FIL
 QSP,,, OCEAN
 QSP.1,,, FTM
 QSP.2,,, NEO
 BTS,,, SNX
 BTS.1,,, RLC
 BTS.2,,, AUDIO
 XZC,,, THETA
 XZC.1,,, ADA
 XZC.2,,, CVC
 LSK,,, CELR
 LSK.1,,, STORJ
 LSK.2,,, 1000SHIB
 TNT,,, FLM
 TNT.1,,, APE
 FUEL,,, ETH
 FUEL.1,,, ZEC
 MANA,,,
 MANA.1,,, UNI
 BCD,,, LUNA2
 BCD.1,,, SFP
 DGD,,, UNI
 DGD.1,,, ENJ
 IOTA.2,,, GALA
 ADX,,, ETC
 ADX.1,,, CTK
 ADX.2,,, XTZ
 ADA,,, FTT
 ADA.1,,, SC
 PPT,,,
 PPT.1,,, DOT
 CMT,,, 1000SHIB
 CMT.1,,, LEVER
 CMT.2,,, RAY
 XLM,,, RUNE
 XLM.1,,, XLM
 XLM.2,,, ICP
 CND,,, ENS
 CND.1,,, JASMY
 CND.2,,, SRM
 LEND,,, LINA
 LEND.1,,, CHZ
 WABI,,, BAL
 WABI.1,,, QNT
 WABI.2,,, ETH
 LTC.1,,, OGN
 LTC.2,,, AXS
 LTC.3,,, AVAX
 TNB,,, TOMO
 TNB.1,,, BCH
 WAVES,,,
 WAVES.1,,,
 WAVES.2,,,
 GTO,,,
 GTO.1,,,
 GTO.2,,,
 ICX,,,
 ICX.1,,,
 ICX.2,,,
 OST,,,
 OST.1,,,
 OST.2,,,
 ELF,,,
 ELF.1,,,
 AION,,,
 AION.1,,,
 AION.2,,,
 NEBL,,,
 NEBL.1,,,
 BRD,,,
 BRD.1,,,
 BRD.2,,,
 MCO.2,,,
 EDO,,,
 EDO.1,,,
 WINGS,,,
 WINGS.1,,,
 NAV,,,
 NAV.1,,,
 NAV.2,,,
 LUN,,,
 LUN.1,,,
 TRIG,,,
 TRIG.1,,,
 TRIG.2,,,
 APPC,,,
 APPC.1,,,
 APPC.2,,,
 VIBE,,,
 VIBE.1,,,
 RLC,,,
 RLC.1,,,
 RLC.2,,,
 INS,,,
 INS.1,,,
 PIVX,,,
 PIVX.1,,,
 IOST,,,
 IOST.1,,,
 CHAT,,,
 CHAT.1,,,
 STEEM,,,
 STEEM.1,,,
 STEEM.2,,,
 NANO,,,
 NANO.1,,,
 NANO.2,,,
 VIA,,,
 VIA.1,,,
 VIA.2,,,
 BLZ,,,
 BLZ.1,,,
 BLZ.2,,,
 AE,,,
 AE.1,,,
 AE.2,,,
 RPX,,,
 RPX.1,,,
 RPX.2,,,
 NCASH,,,
 NCASH.1,,,
 NCASH.2,,,
 POA,,,
 POA.1,,,
 POA.2,,,
 ZIL,,,
 ZIL.1,,,
 ZIL.2,,,
 ONT,,,
 ONT.1,,,
 ONT.2,,,
 STORM,,,
 STORM.1,,,
 STORM.2,,,
 QTUM.2,,,
 QTUM.3,,,
 XEM,,,
 XEM.1,,,
 XEM.2,,,
 WAN,,,
 WAN.1,,,
 WAN.2,,,
 WPR,,,
 WPR.1,,,
 QLC,,,
 QLC.1,,,
 SYS,,,
 SYS.1,,,
 SYS.2,,,
 QLC.2,,,
 GRS,,,
 GRS.1,,,
 ADA.2,,,
 ADA.3,,,
 CLOAK,,,
 CLOAK.1,,,
 GNT,,,
 GNT.1,,,
 GNT.2,,,
 LOOM,,,
 LOOM.1,,,
 LOOM.2,,,
 XRP.2,,,
 BCN,,,
 BCN.1,,,
 BCN.2,,,
 REP,,,
 REP.1,,,
 BTC.1,,,
 TUSD,,,
 ETH.1,,,
 TUSD.1,,,
 TUSD.2,,,
 ZEN,,,
 ZEN.1,,,
 ZEN.2,,,
 SKY,,,
 SKY.1,,,
 SKY.2,,,
 EOS.2,,,
 EOS.3,,,
 CVC,,,
 CVC.1,,,
 CVC.2,,,
 THETA,,,
 THETA.1,,,
 THETA.2,,,
 XRP.3,,,
 TUSD.3,,,
 IOTA.3,,,
 XLM.3,,,
 IOTX,,,
 IOTX.1,,,
 QKC,,,
 QKC.1,,,
 AGI,,,
 AGI.1,,,
 AGI.2,,,
 NXS,,,
 NXS.1,,,
 NXS.2,,,
 ENJ.2,,,
 DATA,,,
 DATA.1,,,
 ONT.3,,,
 TRX.2,,,
 TRX.3,,,
 ETC.2,,,
 ETC.3,,,
 ICX.3,,,
 SC,,,
 SC.1,,,
 NPXS,,,
 NPXS.1,,,
 VEN.3,,,
 KEY,,,
 KEY.1,,,
 NAS,,,
 NAS.1,,,
 NAS.2,,,
 MFT,,,
 MFT.1,,,
 MFT.2,,,
 DENT,,,
 DENT.1,,,
 ARDR,,,
 ARDR.1,,,
 ARDR.2,,,
 NULS.3,,,
 HOT,,,
 HOT.1,,,
 VET,,,
 VET.1,,,
 VET.2,,,
 VET.3,,,
 DOCK,,,
 DOCK.1,,,
 POLY,,,
 POLY.1,,,
 PHX,,,
 PHX.1,,,
 PHX.2,,,
 HC,,,
 HC.1,,,
 GO,,,
 GO.1,,,
 PAX,,,
 PAX.1,,,
 PAX.2,,,
 PAX.3,,,
 RVN,,,
 DCR,,,
 DCR.1,,,
 USDC,,,
 MITH,,,
 MITH.1,,,
 BCH,,,
 BSV,,,
 BCH.1,,,
 BSV.1,,,
 BNB.3,,,
 BTC.2,,,
 ETH.2,,,
 XRP.4,,,
 EOS.4,,,
 XLM.4,,,
 REN,,,
 REN.1,,,
 BNB.4,,,
 XRP.5,,,
 EOS.5,,,
 XLM.5,,,
 BNB.5,,,
 BTC.3,,,
 ETH.3,,,
 XRP.6,,,
 EOS.6,,,
 XLM.6,,,
 USDC.1,,,
 ADA.4,,,
 TRX.4,,,
 NEO.4,,,
 TRX.5,,,
 XZC.3,,,
 PAX.4,,,
 USDC.2,,,
 USDC.3,,,
 LINK.2,,,
 LINK.3,,,
 LINK.4,,,
 LINK.5,,,
 WAVES.3,,,
 WAVES.4,,,
 WAVES.5,,,
 WAVES.6,,,
 BCH.2,,,
 BCH.3,,,
 BCH.4,,,
 BSV.2,,,
 BSV.3,,,
 BSV.4,,,
 LTC.4,,,
 LTC.5,,,
 LTC.6,,,
 TRX.6,,,
 TRX.7,,,
 BTT,,,
 BTT.1,,,
 BTT.2,,,
 BNB.6,,,
 BTC.4,,,
 USDS,,,
 USDS.1,,,
 USDS.2,,,
 USDS.3,,,
 BTT.3,,,
 BTT.4,,,
 BTT.5,,,
 ONG,,,
 ONG.1,,,
 ONG.2,,,
 HOT.2,,,
 HOT.3,,,
 ZIL.3,,,
 ZRX.2,,,
 ZRX.3,,,
 FET,,,
 FET.1,,,
 FET.2,,,
 BAT.3,,,
 XMR.2,,,
 XMR.3,,,
 ZEC.2,,,
 ZEC.3,,,
 ZEC.4,,,
 ZEC.5,,,
 ZEC.6,,,
 IOST.2,,,
 CELR,,,
 CELR.1,,,
 CELR.2,,,
 ADA.5,,,
 ADA.6,,,
 NEO.5,,,
 NEO.6,,,
 DASH.2,,,
 DASH.3,,,
 NANO.3,,,
 OMG.2,,,
 OMG.3,,,
 THETA.3,,,
 ENJ.3,,,
 MITH.2,,,
 MATIC,,,
 MATIC.1,,,
 MATIC.2,,,
 ATOM,,,
 ATOM.1,,,
 ATOM.2,,,
 ATOM.3,,,
 ATOM.4,,,
 ATOM.5,,,
 ETC.4,,,
 ETC.5,,,
 ETC.6,,,
 BAT.4,,,
 BAT.5,,,
 BAT.6,,,
 PHB,,,
 PHB.1,,,
 PHB.2,,,
 PHB.3,,,
 PHB.4,,,
 TFUEL,,,
 TFUEL.1,,,
 TFUEL.2,,,
 TFUEL.3,,,
 TFUEL.4,,,
 TFUEL.5,,,
 ONE,,,
 ONE.1,,,
 ONE.2,,,
 ONE.3,,,
 ONE.4,,,
 ONE.5,,,
 FTM,,,
 FTM.1,,,
 FTM.2,,,
 FTM.3,,,
 FTM.4,,,
 FTM.5,,,
 BTCB,,,
 BCPT.3,,,
 BCPT.4,,,
 BCPT.5,,,
 ALGO,,,
 ALGO.1,,,
 ALGO.2,,,
 ALGO.3,,,
 ALGO.4,,,
 ALGO.5,,,
 USDSB,,,
 USDSB.1,,,
 GTO.3,,,
 GTO.4,,,
 GTO.5,,,
 GTO.6,,,
 ERD,,,
 ERD.1,,,
 ERD.2,,,
 ERD.3,,,
 ERD.4,,,
 DOGE,,,
 DOGE.1,,,
 DOGE.2,,,
 DOGE.3,,,
 DOGE.4,,,
 DUSK,,,
 DUSK.1,,,
 DUSK.2,,,
 DUSK.3,,,
 DUSK.4,,,
 BGBP,,,
 ANKR,,,
 ANKR.1,,,
 ANKR.2,,,
 ANKR.3,,,
 ANKR.4,,,
 ANKR.5,,,
 ONT.4,,,
 ONT.5,,,
 WIN,,,
 WIN.1,,,
 WIN.2,,,
 WIN.3,,,
 COS,,,
 COS.1,,,
 COS.2,,,
 TUSDB,,,
 NPXS.2,,,
 NPXS.3,,,
 COCOS,,,
 COCOS.1,,,
 COCOS.2,,,
 MTL.2,,,
 TOMO,,,
 TOMO.1,,,
 TOMO.2,,,
 TOMO.3,,,
 PERL,,,
 PERL.1,,,
 PERL.2,,,
 PERL.3,,,
 DENT.2,,,
 MFT.3,,,
 KEY.2,,,
 STORM.3,,,
 DOCK.2,,,
 WAN.3,,,
 FUN.2,,,
 CVC.3,,,
 BTT.6,,,
 WIN.4,,,
 CHZ,,,
 CHZ.1,,,
 CHZ.2,,,
 BAND,,,
 BAND.1,,,
 BAND.2,,,
 BNB.7,,,
 BTC.5,,,
 BUSD,,,
 BEAM,,,
 BEAM.1,,,
 BEAM.2,,,
 XTZ,,,
 XTZ.1,,,
 XTZ.2,,,
 REN.2,,,
 RVN.1,,,
 HC.2,,,
 HBAR,,,
 HBAR.1,,,
 HBAR.2,,,
 NKN,,,
 NKN.1,,,
 NKN.2,,,
 XRP.7,,,
 ETH.4,,,
 BCH.5,,,
 LTC.7,,,
 LINK.6,,,
 ETC.7,,,
 STX,,,
 STX.1,,,
 STX.2,,,
 KAVA,,,
 KAVA.1,,,
 KAVA.2,,,
 BUSD.1,,,
 BNB.8,,,
 BTC.6,,,
 ARPA,,,
 ARPA.1,,,
 ARPA.2,,,
 TRX.8,,,
 EOS.7,,,
 IOTX.2,,,
 RLC.3,,,
 MCO.3,,,
 XLM.7,,,
 ADA.7,,,
 CTXC,,,
 CTXC.1,,,
 CTXC.2,,,
 BCH.6,,,
 BTC.7,,,
 ETH.5,,,
 XRP.8,,,
 BNB.9,,,
 TROY,,,
 TROY.1,,,
 TROY.2,,,
 BUSD.2,,,
 QTUM.4,,,
 VET.4,,,
 VITE,,,
 VITE.1,,,
 VITE.2,,,
 FTT,,,
 FTT.1,,,
 FTT.2,,,
 BTC.8,,,
 BNB.10,,,
 BUSD.3,,,
 ETH.6,,,
 XRP.9,,,
 USDT,,,
 USDT.1,,,
 BTC.9,,,
 ETH.7,,,
 BNB.11,,,
 XRP.10,,,
 EUR,,,
 EUR.1,,,
 OGN,,,
 OGN.1,,,
 OGN.2,,,
 DREP,,,
 DREP.1,,,
 DREP.2,,,
 BULL,,,
 BULL.1,,,
 BEAR,,,
 BEAR.1,,,
 ETHBULL,,,
 ETHBULL.1,,,
 ETHBEAR,,,
 ETHBEAR.1,,,
 TCT,,,
 TCT.1,,,
 TCT.2,,,
 WRX,,,
 WRX.1,,,
 WRX.2,,,
 ICX.4,,,
 BTS.3,,,
 BTS.4,,,
 LSK.3,,,
 BNT.2,,,
 BNT.3,,,
 LTO,,,
 LTO.1,,,
 LTO.2,,,
 ATOM.6,,,
 DASH.4,,,
 NEO.7,,,
 WAVES.7,,,
 XTZ.3,,,
 EOSBULL,,,
 EOSBULL.1,,,
 EOSBEAR,,,
 EOSBEAR.1,,,
 XRPBULL,,,
 XRPBULL.1,,,
 XRPBEAR,,,
 XRPBEAR.1,,,
 BAT.7,,,
 ENJ.4,,,
 NANO.4,,,
 ONT.6,,,
 RVN.2,,,
 STRAT.2,,,
 STRAT.3,,,
 STRAT.4,,,
 AION.3,,,
 AION.4,,,
 MBL,,,
 MBL.1,,,
 MBL.2,,,
 COTI,,,
 COTI.1,,,
 COTI.2,,,
 ALGO.6,,,
 BTT.7,,,
 TOMO.4,,,
 XMR.4,,,
 ZEC.7,,,
 BNBBULL,,,
 BNBBULL.1,,,
 BNBBEAR,,,
 BNBBEAR.1,,,
 STPT,,,
 STPT.1,,,
 STPT.2,,,
 BTC.10,,,
 ETH.8,,,
 BNB.12,,,
 USDT.2,,,
 BUSD.4,,,
 BTC.11,,,
 ETH.9,,,
 BNB.13,,,
 WTC.3,,,
 DATA.2,,,
 DATA.3,,,
 XZC.4,,,
 SOL,,,
 SOL.1,,,
 SOL.2,,,
 SOL.3,,,
 BTC.12,,,
 BNB.14,,,
 USDT.3,,,
 BUSD.5,,,
 CTSI,,,
 CTSI.1,,,
 CTSI.2,,,
 CTSI.3,,,
 HIVE,,,
 HIVE.1,,,
 HIVE.2,,,
 CHR,,,
 CHR.1,,,
 CHR.2,,,
 BTCUP,,,
 BTCDOWN,,,
 GXS.2,,,
 ARDR.3,,,
 ERD.5,,,
 LEND.2,,,
 HBAR.3,,,
 MATIC.3,,,
 WRX.3,,,
 ZIL.4,,,
 MDT,,,
 MDT.1,,,
 MDT.2,,,
 STMX,,,
 STMX.1,,,
 STMX.2,,,
 KNC.2,,,
 KNC.3,,,
 REP.2,,,
 REP.3,,,
 LRC.2,,,
 LRC.3,,,
 IQ,,,
 IQ.1,,,
 PNT,,,
 PNT.1,,,
 BTC.13,,,
 ETH.10,,,
 XRP.11,,,
 BNB.15,,,
 GBP,,,
 DGB,,,
 DGB.1,,,
 BTC.14,,,
 USDT.4,,,
 COMP,,,
 COMP.1,,,
 COMP.2,,,
 COMP.3,,,
 BTC.15,,,
 ETH.11,,,
 BNB.16,,,
 BUSD.6,,,
 USDT.5,,,
 BKRW,,,
 BKRW.1,,,
 SC.2,,,
 ZEN.3,,,
 SXP,,,
 SXP.1,,,
 SXP.2,,,
 SNX,,,
 SNX.1,,,
 SNX.2,,,
 SNX.3,,,
 ETHUP,,,
 ETHDOWN,,,
 ADAUP,,,
 ADADOWN,,,
 LINKUP,,,
 LINKDOWN,,,
 VTHO,,,
 VTHO.1,,,
 VTHO.2,,,
 DCR.2,,,
 DGB.2,,,
 GBP.1,,,
 STORJ.2,,,
 SXP.3,,,
 IRIS,,,
 IRIS.1,,,
 IRIS.2,,,
 MKR,,,
 MKR.1,,,
 MKR.2,,,
 MKR.3,,,
 DAI,,,
 DAI.1,,,
 DAI.2,,,
 DAI.3,,,
 RUNE,,,
 RUNE.1,,,
 RUNE.2,,,
 MANA.2,,,
 DOGE.5,,,
 LEND.3,,,
 ZRX.4,,,
 DCR.3,,,
 STORJ.3,,,
 XRP.12,,,
 ADA.8,,,
 BTC.16,,,
 ETH.12,,,
 AUD,,,
 FIO,,,
 FIO.1,,,
 FIO.2,,,
 BNBUP,,,
 BNBDOWN,,,
 XTZUP,,,
 XTZDOWN,,,
 AVA,,,
 AVA.1,,,
 AVA.2,,,
 USDT.6,,,
 BUSD.7,,,
 IOTA.4,,,
 MANA.3,,,
 XRP.13,,,
 BNB.17,,,
 AUD.1,,,
 BAL,,,
 BAL.1,,,
 BAL.2,,,
 YFI,,,
 YFI.1,,,
 YFI.2,,,
 YFI.3,,,
 BLZ.3,,,
 KMD.2,,,
 BAL.3,,,
 BLZ.4,,,
 IRIS.3,,,
 KMD.3,,,
 BTC.17,,,
 ETH.13,,,
 BNB.18,,,
 USDT.7,,,
 BUSD.8,,,
 JST,,,
 JST.1,,,
 JST.2,,,
 JST.3,,,
 SRM,,,
 SRM.1,,,
 SRM.2,,,
 SRM.3,,,
 ANT,,,
 ANT.1,,,
 ANT.2,,,
 ANT.3,,,
 CRV,,,
 CRV.1,,,
 CRV.2,,,
 CRV.3,,,
 SAND,,,
 SAND.1,,,
 SAND.2,,,
 SAND.3,,,
 OCEAN,,,
 OCEAN.1,,,
 OCEAN.2,,,
 OCEAN.3,,,
 NMR,,,
 NMR.1,,,
 NMR.2,,,
 DOT,,,
 DOT.1,,,
 DOT.2,,,
 DOT.3,,,
 LUNA,,,
 LUNA.1,,,
 LUNA.2,,,
 LUNA.3,,,
 IDEX,,,
 IDEX.1,,,
 RSR,,,
 RSR.1,,,
 RSR.2,,,
 RSR.3,,,
 PAXG,,,
 PAXG.1,,,
 PAXG.2,,,
 PAXG.3,,,
 WNXM,,,
 WNXM.1,,,
 WNXM.2,,,
 WNXM.3,,,
 TRB,,,
 TRB.1,,,
 TRB.2,,,
 TRB.3,,,
 ETH.14,,,
 DOT.4,,,
 LINK.7,,,
 SXP.4,,,
 BZRX,,,
 BZRX.1,,,
 BZRX.2,,,
 BZRX.3,,,
 WBTC,,,
 WBTC.1,,,
 SUSHI,,,
 SUSHI.1,,,
 SUSHI.2,,,
 SUSHI.3,,,
 YFII,,,
 YFII.1,,,
 YFII.2,,,
 YFII.3,,,
 KSM,,,
 KSM.1,,,
 KSM.2,,,
 KSM.3,,,
 EGLD,,,
 EGLD.1,,,
 EGLD.2,,,
 EGLD.3,,,
 DIA,,,
 DIA.1,,,
 DIA.2,,,
 DIA.3,,,
 RUNE.3,,,
 FIO.3,,,
 UMA,,,
 UMA.1,,,
 EOSUP,,,
 EOSDOWN,,,
 TRXUP,,,
 TRXDOWN,,,
 XRPUP,,,
 XRPDOWN,,,
 DOTUP,,,
 DOTDOWN,,,
 SRM.4,,,
 ONE.6,,,
 LINK.8,,,
 USDT.8,,,
 BEL,,,
 BEL.1,,,
 BEL.2,,,
 BEL.3,,,
 WING,,,
 WING.1,,,
 SWRV,,,
 SWRV.1,,,
 WING.2,,,
 WING.3,,,
 LTCUP,,,
 LTCDOWN,,,
 LEND.4,,,
 SXP.5,,,
 CREAM,,,
 CREAM.1,,,
 UNI,,,
 UNI.1,,,
 UNI.2,,,
 UNI.3,,,
 NBS,,,
 NBS.1,,,
 OXT,,,
 OXT.1,,,
 SUN,,,
 SUN.1,,,
 AVAX,,,
 AVAX.1,,,
 AVAX.2,,,
 AVAX.3,,,
 HNT,,,
 HNT.1,,,
 BAKE,,,
 BURGER,,,
 SXP.6,,,
 LINK.9,,,
 FLM,,,
 FLM.1,,,
 FLM.2,,,
 FLM.3,,,
 SCRT,,,
 SCRT.1,,,
 CAKE,,,
 CAKE.1,,,
 SPARTA,,,
 UNIUP,,,
 UNIDOWN,,,
 ORN,,,
 ORN.1,,,
 TRX.9,,,
 SXP.7,,,
 UTK,,,
 UTK.1,,,
 XVS,,,
 XVS.1,,,
 XVS.2,,,
 XVS.3,,,
 ALPHA,,,
 ALPHA.1,,,
 ALPHA.2,,,
 ALPHA.3,,,
 VIDT,,,
 VIDT.1,,,
 AAVE,,,
 BTC.18,,,
 USDT.9,,,
 AAVE.1,,,
 AAVE.2,,,
 AAVE.3,,,
 AAVE.4,,,
 AAVE.5,,,
 NEAR,,,
 NEAR.1,,,
 NEAR.2,,,
 NEAR.3,,,
 SXPUP,,,
 SXPDOWN,,,
 DOT.5,,,
 SXP.8,,,
 FIL,,,
 FIL.1,,,
 FIL.2,,,
 FIL.3,,,
 FILUP,,,
 FILDOWN,,,
 YFIUP,,,
 YFIDOWN,,,
 INJ,,,
 INJ.1,,,
 INJ.2,,,
 INJ.3,,,
 AERGO,,,
 AERGO.1,,,
 LINK.10,,,
 ONE.7,,,
 EASY,,,
 AUDIO,,,
 AUDIO.1,,,
 AUDIO.2,,,
 CTK,,,
 CTK.1,,,
 CTK.2,,,
 CTK.3,,,
 BCHUP,,,
 BCHDOWN,,,
 BOT,,,
 BOT.1,,,
 ETH.15,,,
 DOT.6,,,
 AKRO,,,
 AKRO.1,,,
 KP3R,,,
 KP3R.1,,,
 AXS,,,
 AXS.1,,,
 AXS.2,,,
 AXS.3,,,
 HARD,,,
 HARD.1,,,
 HARD.2,,,
 HARD.3,,,
 BNB.19,,,
 LTC.8,,,
 RENBTC,,,
 RENBTC.1,,,
 DNT.2,,,
 DNT.3,,,
 SLP,,,
 ADA.9,,,
 LTC.9,,,
 CVP,,,
 CVP.1,,,
 STRAX,,,
 STRAX.1,,,
 STRAX.2,,,
 STRAX.3,,,
 FOR,,,
 FOR.1,,,
 UNFI,,,
 UNFI.1,,,
 UNFI.2,,,
 UNFI.3,,,
 FRONT,,,
 FRONT.1,,,
 BCHA,,,
 ROSE,,,
 ROSE.1,,,
 ROSE.2,,,
 AVAX.4,,,
 BUSD.9,,,
 AVA.3,,,
 SYS.3,,,
 XEM.3,,,
 HEGIC,,,
 HEGIC.1,,,
 AAVEUP,,,
 AAVEDOWN,,,
 PROM,,,
 PROM.1,,,
 XRP.14,,,
 XRP.15,,,
 SKL,,,
 SKL.1,,,
 SKL.2,,,
 BCH.7,,,
 YFI.4,,,
 ZIL.5,,,
 SUSD,,,
 SUSD.1,,,
 SUSD.2,,,
 COVER,,,
 COVER.1,,,
 GLM,,,
 GLM.1,,,
 GHST,,,
 GHST.1,,,
 SUSHIUP,,,
 SUSHIDOWN,,,
 XLMUP,,,
 XLMDOWN,,,
 LINK.11,,,
 LINK.12,,,
 LTC.10,,,
 TRX.10,,,
 XLM.8,,,
 DF,,,
 DF.1,,,
 GRT,,,
 GRT.1,,,
 GRT.2,,,
 JUV,,,
 JUV.1,,,
 JUV.2,,,
 PSG,,,
 PSG.1,,,
 PSG.2,,,
 BUSD.10,,,
 USDT.10,,,
 1INCH,,,
 1INCH.1,,,
 REEF,,,
 REEF.1,,,
 OG,,,
 OG.1,,,
 ATM,,,
 ATM.1,,,
 ASR,,,
 ASR.1,,,
 CELO,,,
 CELO.1,,,
 RIF,,,
 RIF.1,,,
 CHZ.3,,,
 XLM.9,,,
 LINK.13,,,
 GRT.3,,,
 BTCST,,,
 BTCST.1,,,
 BTCST.2,,,
 TRU,,,
 TRU.1,,,
 TRU.2,,,
 DEXE,,,
 DEXE.1,,,
 EOS.8,,,
 LTC.11,,,
 USDC.4,,,
 TUSD.4,,,
 PAX.5,,,
 CKB,,,
 CKB.1,,,
 CKB.2,,,
 TWT,,,
 TWT.1,,,
 TWT.2,,,
 FIRO,,,
 FIRO.1,,,
 FIRO.2,,,
 BETH,,,
 DOGE.6,,,
 DOGE.7,,,
 DOGE.8,,,
 DOGE.9,,,
 DOT.7,,,
 PROS,,,
 LIT,,,
 LIT.1,,,
 LIT.2,,,
 BTC.19,,,
 BUSD.11,,,
 SFP,,,
 SFP.1,,,
 SFP.2,,,
 DOGE.10,,,
 DOT.8,,,
 FXS,,,
 FXS.1,,,
 DODO,,,
 DODO.1,,,
 DODO.2,,,
 FRONT.2,,,
 EASY.1,,,
 CAKE.2,,,
 CAKE.3,,,
 BAKE.1,,,
 UFT,,,
 UFT.1,,,
 1INCH.2,,,
 BAND.3,,,
 GRT.4,,,
 IOST.3,,,
 OMG.4,,,
 REEF.2,,,
 ACM,,,
 ACM.1,,,
 ACM.2,,,
 AUCTION,,,
 AUCTION.1,,,
 PHA,,,
 PHA.1,,,
 DOT.9,,,
 ADA.10,,,
 ADA.11,,,
 ADA.12,,,
 TVK,,,
 TVK.1,,,
 BADGER,,,
 BADGER.1,,,
 BADGER.2,,,
 FIS,,,
 FIS.1,,,
 FIS.2,,,
 DOT.10,,,
 ADA.13,,,
 HOT.4,,,
 EGLD.4,,,
 OM,,,
 OM.1,,,
 OM.2,,,
 POND,,,
 POND.1,,,
 POND.2,,,
 DEGO,,,
 DEGO.1,,,
 DEGO.2,,,
 AVAX.5,,,
 BTT.8,,,
 CHZ.4,,,
 UNI.4,,,
 ALICE,,,
 ALICE.1,,,
 ALICE.2,,,
 CHZ.5,,,
 CHZ.6,,,
 CHZ.7,,,
 BIFI,,,
 BIFI.1,,,
 LINA,,,
 LINA.1,,,
 LINA.2,,,
 ADA.14,,,
 ENJ.5,,,
 ENJ.6,,,
 MATIC.4,,,
 NEO.8,,,
 PERP,,,
 PERP.1,,,
 PERP.2,,,
 RAMP,,,
 RAMP.1,,,
 RAMP.2,,,
 SUPER,,,
 SUPER.1,,,
 SUPER.2,,,
 CFX,,,
 CFX.1,,,
 CFX.2,,,
 ENJ.7,,,
 EOS.9,,,
 LTC.12,,,
 LUNA.4,,,
 RVN.3,,,
 THETA.4,,,
 XVG.2,,,
 EPS,,,
 EPS.1,,,
 EPS.2,,,
 AUTO,,,
 AUTO.1,,,
 AUTO.2,,,
 TKO,,,
 TKO.1,,,
 TKO.2,,,
 TKO.3,,,
 PUNDIX,,,
 PUNDIX.1,,,
 BTT.9,,,
 BTT.10,,,
 HOT.5,,,
 WIN.5,,,
 TLM,,,
 TLM.1,,,
 TLM.2,,,
 1INCHUP,,,
 1INCHDOWN,,,
 BTG.2,,,
 BTG.3,,,
 HOT.6,,,
 BNB.20,,,
 ONT.7,,,
 VET.5,,,
 VET.6,,,
 WIN.6,,,
 MIR,,,
 MIR.1,,,
 MIR.2,,,
 BAR,,,
 BAR.1,,,
 BAR.2,,,
 FORTH,,,
 FORTH.1,,,
 FORTH.2,,,
 CAKE.4,,,
 DOGE.11,,,
 HOT.7,,,
 WRX.4,,,
 EZ,,,
 EZ.1,,,
 BAKE.2,,,
 BURGER.1,,,
 BURGER.2,,,
 SLP.1,,,
 SLP.2,,,
 TRX.11,,,
 TRX.12,,,
 VET.7,,,
 SHIB,,,
 SHIB.1,,,
 ICP,,,
 ICP.1,,,
 ICP.2,,,
 ICP.3,,,
 SHIB.2,,,
 SHIB.3,,,
 ETC.8,,,
 ETC.9,,,
 DOGE.12,,,
 AR,,,
 AR.1,,,
 AR.2,,,
 AR.3,,,
 POLS,,,
 POLS.1,,,
 POLS.2,,,
 POLS.3,,,
 MDX,,,
 MDX.1,,,
 MDX.2,,,
 MDX.3,,,
 MASK,,,
 MASK.1,,,
 MASK.2,,,
 LPT,,,
 LPT.1,,,
 LPT.2,,,
 LPT.3,,,
 ETH.16,,,
 MATIC.5,,,
 SOL.4,,,
 SHIB.4,,,
 AGIX,,,
 ICP.4,,,
 MATIC.6,,,
 SHIB.5,,,
 MATIC.7,,,
 MATIC.8,,,
 NU,,,
 NU.1,,,
 NU.2,,,
 NU.3,,,
 XVG.3,,,
 RLC.4,,,
 CELR.3,,,
 ATM.2,,,
 ZEN.4,,,
 FTM.6,,,
 THETA.5,,,
 WIN.7,,,
 KAVA.3,,,
 XEM.4,,,
 ATA,,,
 ATA.1,,,
 ATA.2,,,
 ATA.3,,,
 GTC,,,
 GTC.1,,,
 GTC.2,,,
 GTC.3,,,
 TORN,,,
 TORN.1,,,
 TORN.2,,,
 TORN.3,,,
 MATIC.9,,,
 ETC.10,,,
 SOL.5,,,
 BAKE.3,,,
 COTI.3,,,
 KEEP,,,
 KEEP.1,,,
 KEEP.2,,,
 KEEP.3,,,
 SOL.6,,,
 RUNE.4,,,
 SOL.7,,,
 SC.3,,,
 CHR.3,,,
 STMX.3,,,
 HNT.2,,,
 FTT.3,,,
 DOCK.3,,,
 ADA.15,,,
 ERN,,,
 ERN.1,,,
 ERN.2,,,
 KLAY,,,
 KLAY.1,,,
 KLAY.2,,,
 KLAY.3,,,
 RUNE.5,,,
 MATIC.10,,,
 DOT.11,,,
 UTK.2,,,
 IOTX.3,,,
 PHA.2,,,
 SOL.8,,,
 RUNE.6,,,
 BUSD.12,,,
 BOND,,,
 BOND.1,,,
 BOND.2,,,
 BOND.3,,,
 MLN,,,
 MLN.1,,,
 MLN.2,,,
 MLN.3,,,
 GRT.5,,,
 CAKE.5,,,
 ICP.5,,,
 DOT.12,,,
 AAVE.6,,,
 EOS.10,,,
 DEXE.2,,,
 LTO.3,,,
 ADX.3,,,
 QUICK,,,
 QUICK.1,,,
 QUICK.2,,,
 C98,,,
 C98.1,,,
 C98.2,,,
 C98.3,,,
 CLV,,,
 CLV.1,,,
 CLV.2,,,
 CLV.3,,,
 QNT,,,
 QNT.1,,,
 QNT.2,,,
 QNT.3,,,
 FLOW,,,
 FLOW.1,,,
 FLOW.2,,,
 FLOW.3,,,
 XEC,,,
 AXS.4,,,
 AXS.5,,,
 TVK.2,,,
 MINA,,,
 MINA.1,,,
 MINA.2,,,
 MINA.3,,,
 RAY,,,
 RAY.1,,,
 RAY.2,,,
 FARM,,,
 FARM.1,,,
 FARM.2,,,
 FARM.3,,,
 ALPACA,,,
 ALPACA.1,,,
 ALPACA.2,,,
 ALPACA.3,,,
 TLM.3,,,
 QUICK.3,,,
 ORN.2,,,
 MBOX,,,
 MBOX.1,,,
 MBOX.2,,,
 MBOX.3,,,
 VGX,,,
 VGX.1,,,
 FOR.2,,,
 REQ.2,,,
 GHST.2,,,
 TRU.3,,,
 FIS.3,,,
 WAXP,,,
 WAXP.1,,,
 WAXP.2,,,
 WAXP.3,,,
 TRIBE,,,
 TRIBE.1,,,
 TRIBE.2,,,
 TRIBE.3,,,
 GNO,,,
 GNO.1,,,
 GNO.2,,,
 GNO.3,,,
 ARPA.3,,,
 PROM.2,,,
 MTL.3,,,
 OGN.3,,,
 XEC.1,,,
 C98.4,,,
 SOL.9,,,
 XRP.16,,,
 POLY.2,,,
 ELF.2,,,
 DYDX,,,
 DYDX.1,,,
 DYDX.2,,,
 DYDX.3,,,
 ELF.3,,,
 POLY.3,,,
 IDEX.2,,,
 VIDT.2,,,
 SOL.10,,,
 AXS.6,,,
 BTC.20,,,
 ETH.17,,,
 BNB.21,,,
 USDP,,,
 USDP.1,,,
 GALA,,,
 GALA.1,,,
 GALA.2,,,
 GALA.3,,,
 FTM.7,,,
 ALGO.7,,,
 CAKE.6,,,
 KSM.4,,,
 WAVES.8,,,
 SUN.2,,,
 ILV,,,
 ILV.1,,,
 ILV.2,,,
 ILV.3,,,
 REN.3,,,
 YGG,,,
 YGG.1,,,
 YGG.2,,,
 YGG.3,,,
 STX.3,,,
 SYS.4,,,
 DF.2,,,
 SOL.11,,,
 ARPA.4,,,
 LTC.13,,,
 FET.3,,,
 ARPA.5,,,
 LSK.4,,,
 AVAX.6,,,
 ALICE.3,,,
 FIDA,,,
 FIDA.1,,,
 FIDA.2,,,
 FIDA.3,,,
 DENT.3,,,
 FRONT.3,,,
 CVP.2,,,
 AGLD,,,
 AGLD.1,,,
 AGLD.2,,,
 AGLD.3,,,
 RAD,,,
 RAD.1,,,
 RAD.2,,,
 RAD.3,,,
 UNI.5,,,
 HIVE.3,,,
 STPT.3,,,
 BETA,,,
 BETA.1,,,
 BETA.2,,,
 BETA.3,,,
 SHIB.6,,,
 RARE,,,
 RARE.1,,,
 RARE.2,,,
 RARE.3,,,
 AVAX.7,,,
 AVAX.8,,,
 LUNA.5,,,
 TROY.3,,,
 AXS.7,,,
 FTM.8,,,
 SOL.12,,,
 SSV,,,
 SSV.1,,,
 LAZIO,,,
 LAZIO.1,,,
 LAZIO.2,,,
 LAZIO.3,,,
 CHESS,,,
 CHESS.1,,,
 CHESS.2,,,
 CHESS.3,,,
 FTM.9,,,
 FTM.10,,,
 SCRT.2,,,
 ADX.4,,,
 AUCTION.2,,,
 CELO.2,,,
 FTM.11,,,
 NU.4,,,
 NU.5,,,
 REEF.3,,,
 REEF.4,,,
 SHIB.7,,,
 DAR,,,
 DAR.1,,,
 DAR.2,,,
 DAR.3,,,
 BNX,,,
 BNX.1,,,
 BNX.2,,,
 BNX.3,,,
 RGT,,,
 RGT.1,,,
 RGT.2,,,
 RGT.3,,,
 LAZIO.4,,,
 OXT.2,,,
 MANA.4,,,
 ALGO.8,,,
 SHIB.8,,,
 LUNA.6,,,
 AUD.2,,,
 MOVR,,,
 MOVR.1,,,
 MOVR.2,,,
 MOVR.3,,,
 CITY,,,
 CITY.1,,,
 CITY.2,,,
 CITY.3,,,
 ENS,,,
 ENS.1,,,
 ENS.2,,,
 ENS.3,,,
 SAND.4,,,
 DOT.13,,,
 MATIC.11,,,
 ANKR.6,,,
 SAND.5,,,
 MANA.5,,,
 KP3R.2,,,
 QI,,,
 QI.1,,,
 QI.2,,,
 QI.3,,,
 PORTO,,,
 PORTO.1,,,
 PORTO.2,,,
 PORTO.3,,,
 POWR.3,,,
 POWR.4,,,
 AVAX.9,,,
 SLP.3,,,
 FIS.4,,,
 LRC.4,,,
 CHR.4,,,
 FIS.5,,,
 VGX.2,,,
 GALA.4,,,
 JASMY,,,
 JASMY.1,,,
 JASMY.2,,,
 JASMY.3,,,
 AMP,,,
 AMP.1,,,
 AMP.2,,,
 AMP.3,,,
 PLA,,,
 PLA.1,,,
 PLA.2,,,
 PLA.3,,,
 PYR,,,
 PYR.1,,,
 PYR.2,,,
 RNDR,,,
 RNDR.1,,,
 RNDR.2,,,
 ALCX,,,
 ALCX.1,,,
 ALCX.2,,,
 SANTOS,,,
 SANTOS.1,,,
 SANTOS.2,,,
 SANTOS.3,,,
 MC,,,
 MC.1,,,
 MC.2,,,
 BEL.4,,,
 COCOS.3,,,
 DENT.4,,,
 ENJ.8,,,
 NEO.9,,,
 SAND.6,,,
 SLP.4,,,
 ANY,,,
 ANY.1,,,
 ANY.2,,,
 BICO,,,
 BICO.1,,,
 BICO.2,,,
 FLUX,,,
 FLUX.1,,,
 FLUX.2,,,
 ALICE.4,,,
 FXS.2,,,
 GALA.5,,,
 GALA.6,,,
 LUNA.7,,,
 REQ.3,,,
 SAND.7,,,
 MANA.6,,,
 SAND.8,,,
 VOXEL,,,
 VOXEL.1,,,
 VOXEL.2,,,
 VOXEL.3,,,
 COS.3,,,
 CTXC.3,,,
 FTM.12,,,
 MANA.7,,,
 MINA.4,,,
 XTZ.4,,,
 HIGH,,,
 HIGH.1,,,
 HIGH.2,,,
 CVX,,,
 CVX.1,,,
 CVX.2,,,
 PEOPLE,,,
 PEOPLE.1,,,
 PEOPLE.2,,,
 OOKI,,,
 OOKI.1,,,
 COCOS.4,,,
 GXS.3,,,
 LINK.14,,,
 LUNA.8,,,
 MDT.3,,,
 NULS.4,,,
 SPELL,,,
 SPELL.1,,,
 SPELL.2,,,
 UST,,,
 UST.1,,,
 UST.2,,,
 JOE,,,
 JOE.1,,,
 JOE.2,,,
 ATOM.7,,,
 DUSK.5,,,
 EGLD.5,,,
 ICP.6,,,
 LUNA.9,,,
 LUNA.10,,,
 NEAR.4,,,
 ROSE.3,,,
 VOXEL.4,,,
 ALICE.5,,,
 ATOM.8,,,
 ETH.18,,,
 GALA.7,,,
 LRC.5,,,
 ONE.8,,,
 OOKI.2,,,
 ACH,,,
 ACH.1,,,
 ACH.2,,,
 IMX,,,
 IMX.1,,,
 IMX.2,,,
 GLMR,,,
 GLMR.1,,,
 GLMR.2,,,
 ATOM.9,,,
 DYDX.4,,,
 FARM.4,,,
 FOR.3,,,
 ICP.7,,,
 JASMY.4,,,
 LINA.3,,,
 OOKI.3,,,
 ROSE.4,,,
 UMA.2,,,
 UNI.6,,,
 XTZ.5,,,
 LOKA,,,
 LOKA.1,,,
 LOKA.2,,,
 LOKA.3,,,
 ATOM.10,,,
 BNB.22,,,
 CRV.4,,,
 HIGH.3,,,
 NEAR.5,,,
 ROSE.5,,,
 SCRT.3,,,
 API3,,,
 API3.1,,,
 API3.2,,,
 BTTC,,,
 BTTC.1,,,
 BTTC.2,,,
 ACA,,,
 ACA.1,,,
 ACA.2,,,
 ANC,,,
 ANC.1,,,
 ANC.2,,,
 BDOT,,,
 XNO,,,
 XNO.1,,,
 XNO.2,,,
 XNO.3,,,
 COS.4,,,
 KAVA.4,,,
 MC.3,,,
 ONE.9,,,
 WOO,,,
 WOO.1,,,
 WOO.2,,,
 WOO.3,,,
 CELR.4,,,
 PEOPLE.3,,,
 SLP.5,,,
 SPELL.3,,,
 SPELL.4,,,
 TFUEL.6,,,
 AXS.8,,,
 DAR.4,,,
 NEAR.6,,,
 IDEX.3,,,
 ALPINE,,,
 ALPINE.1,,,
 ALPINE.2,,,
 ALPINE.3,,,
 T,,,
 T.1,,,
 API3.3,,,
 BETA.4,,,
 INJ.4,,,
 TLM.4,,,
 ASTR,,,
 ASTR.1,,,
 API3.4,,,
 GLMR.3,,,
 MBOX.4,,,
 NBT,,,
 NBT.1,,,
 GMT,,,
 GMT.1,,,
 GMT.2,,,
 GMT.3,,,
 ANC.3,,,
 ATOM.11,,,
 GALA.8,,,
 KSM.5,,,
 UMA.3,,,
 KDA,,,
 KDA.1,,,
 KDA.2,,,
 APE,,,
 APE.1,,,
 APE.2,,,
 ALPINE.4,,,
 LUNA.11,,,
 NEAR.7,,,
 TWT.3,,,
 WAVES.9,,,
 APE.3,,,
 APE.4,,,
 APE.5,,,
 BSW,,,
 BSW.1,,,
 BSW.2,,,
 APE.6,,,
 GMT.4,,,
 GMT.5,,,
 JASMY.5,,,
 SANTOS.4,,,
 APE.7,,,
 BIFI.2,,,
 GMT.6,,,
 IMX.3,,,
 RUNE.7,,,
 AVAX.10,,,
 MULTI,,,
 MULTI.1,,,
 MULTI.2,,,
 APE.8,,,
 BSW.3,,,
 FIL.4,,,
 FTM.13,,,
 GMT.7,,,
 ZIL.6,,,
 GMT.8,,,
 WAVES.10,,,
 BTC.21,,,
 ASTR.2,,,
 ASTR.3,,,
 BSW.4,,,
 FTT.4,,,
 FUN.3,,,
 PORTO.4,,,
 STEEM.3,,,
 ZIL.7,,,
 APE.9,,,
 AUDIO.3,,,
 BTTC.3,,,
 GMT.9,,,
 MBL.3,,,
 MOB,,,
 MOB.1,,,
 MOB.2,,,
 NEXO,,,
 NEXO.1,,,
 NEXO.2,,,
 REI,,,
 REI.1,,,
 REI.2,,,
 GAL,,,
 GAL.1,,,
 GAL.2,,,
 GAL.3,,,
 JASMY.6,,,
 KNC.4,,,
 SHIB.9,,,
 GAL.4,,,
 GAL.5,,,
 LDO,,,
 LDO.1,,,
 LDO.2,,,
 ENS.4,,,
 DAR.5,,,
 DAR.6,,,
 ALGO.9,,,
 ALGO.10,,,
 GAL.6,,,
 EPX,,,
 EPX.1,,,
 RUNE.8,,,
 GAL.7,,,
 STEEM.4,,,
 CVC.4,,,
 REI.3,,,
 DREP.3,,,
 AKRO.2,,,
 PUNDIX.2,,,
 LUNC,,,
 USTC,,,
 OP,,,
 OP.1,,,
 OP.2,,,
 OG.2,,,
 KEY.3,,,
 ASR.2,,,
 FIRO.3,,,
 NKN.3,,,
 OP.3,,,
 OP.4,,,
 GTO.7,,,
 SNX.4,,,
 WBTC.2,,,
 BEL.5,,,
 LIT.3,,,
 LEVER,,,
 LEVER.1,,,
 BURGER.3,,,
 PEOPLE.4,,,
 UNFI.4,,,
 BOND.4,,,
 STORJ.4,,,
 OP.5,,,
 ETC.11,,,
 WING.4,,,
 FIL.5,,,
 GLM.2,,,
 SSV.2,,,
 STG,,,
 STG.1,,,
 STG.2,,,
 ANKR.7,,,
 ARK.2,,,
 BETH.1,,,
 LOOM.3,,,
 SNM.2,,,
 AMB.3,,,
 LUNC.1,,,
 PHB.5,,,
 GAS.1,,,
 NEBL.2,,,
 PROS.1,,,
 VIB.2,,,
 GMX,,,
 GMX.1,,,
 GMX.2,,,
 AGIX.1,,,
 NEBL.3,,,
 SNT.2,,,
 POLYX,,,
 POLYX.1,,,
 POLYX.2,,,
 APT,,,
 APT.1,,,
 APT.2,,,
 BTC.22,,,
 ETH.19,,,
 BUSD.13,,,
 APT.3,,,
 APT.4,,,
 APT.5,,,
 QKC.2,,,
 OSMO,,,
 OSMO.1,,,
 OSMO.2,,,
 HFT,,,
 HFT.1,,,
 HFT.2,,,
 ARPA.6,,,
 PHB.6,,,
 VITE.3,,,
 HOOK,,,
 HOOK.1,,,
 HOOK.2,,,
 HOOK.3,,,
 MAGIC,,,
 MAGIC.1,,,
 MAGIC.2,,,
 BUSD.14,,,
Unnamed: 2132,,,
Unnamed: 2133,,,
Unnamed: 2134,,,
Unnamed: 2135,,,
Unnamed: 2136,,,
Unnamed: 2137,,,
Unnamed: 2138,,,
Unnamed: 2139,,,
Unnamed: 2140,,,
Unnamed: 2141,,,
Unnamed: 2142,,,
Unnamed: 2143,,,
Unnamed: 2144,,,
Unnamed: 2145,,,
Unnamed: 2146,,,
Unnamed: 2147,,,
Unnamed: 2148,,,
Unnamed: 2149,,,
Unnamed: 2150,,,
Unnamed: 2151,,,
Unnamed: 2152,,,
Unnamed: 2153,,,
Unnamed: 2154,,,
Unnamed: 2155,,,
Unnamed: 2156,,,
Unnamed: 2157,,,
Unnamed: 2158,,,
Unnamed: 2159,,,
Unnamed: 2160,,,
Unnamed: 2161,,,
Unnamed: 2162,,,
Unnamed: 2163,,,
Unnamed: 2164,,,
Unnamed: 2165,,,
Unnamed: 2166,,,
Unnamed: 2167,,,
Unnamed: 2168,,,
Unnamed: 2169,,,
Unnamed: 2170,,,
Unnamed: 2171,,,
Unnamed: 2172,,,
Unnamed: 2173,,,
Unnamed: 2174,,,
Unnamed: 2175,,,
Unnamed: 2176,,,
Unnamed: 2177,,,
Unnamed: 2178,,,
Unnamed: 2179,,,
Unnamed: 2180,,,
Unnamed: 2181,,,
Unnamed: 2182,,,
Unnamed: 2183,,,
Unnamed: 2184,,,
Unnamed: 2185,,,
Unnamed: 2186,,,
Unnamed: 2187,,,
Unnamed: 2188,,,
Unnamed: 2189,,,
Unnamed: 2190,,,
Unnamed: 2191,,,
Unnamed: 2192,,,
Unnamed: 2193,,,
Unnamed: 2194,,,
Unnamed: 2195,,,
Unnamed: 2196,,,
Unnamed: 2197,,,
Unnamed: 2198,,,
Unnamed: 2199,,,
Unnamed: 2200,,,
Unnamed: 2201,,,
Unnamed: 2202,,,
Unnamed: 2203,,,
Unnamed: 2204,,,
Unnamed: 2205,,,
Unnamed: 2206,,,
Unnamed: 2207,,,
Unnamed: 2208,,,
Unnamed: 2209,,,
Unnamed: 2210,,,
Unnamed: 2211,,,
Unnamed: 2212,,,
Unnamed: 2213,,,
Unnamed: 2214,,,
Unnamed: 2215,,,
Unnamed: 2216,,,
Unnamed: 2217,,,
Unnamed: 2218,,,
Unnamed: 2219,,,
Unnamed: 2220,,,
Unnamed: 2221,,,
Unnamed: 2222,,,
Unnamed: 2223,,,
Unnamed: 2224,,,
Unnamed: 2225,,,
Unnamed: 2226,,,
Unnamed: 2227,,,
Unnamed: 2228,,,
Unnamed: 2229,,,
Unnamed: 2230,,,
Unnamed: 2231,,,
Unnamed: 2232,,,
Unnamed: 2233,,,
Unnamed: 2234,,,
Unnamed: 2235,,,
Unnamed: 2236,,,
Unnamed: 2237,,,
Unnamed: 2238,,,
Unnamed: 2239,,,
Unnamed: 2240,,,
Unnamed: 2241,,,
Unnamed: 2242,,,
Unnamed: 2243,,,
Unnamed: 2244,,,
Unnamed: 2245,,,
Unnamed: 2246,,,
Unnamed: 2247,,,
Unnamed: 2248,,,
Unnamed: 2249,,,
Unnamed: 2250,,,
Unnamed: 2251,,,
Unnamed: 2252,,,
Unnamed: 2253,,,
Unnamed: 2254,,,
Unnamed: 2255,,,
Unnamed: 2256,,,
Unnamed: 2257,,,
Unnamed: 2258,,,
Unnamed: 2259,,,
Unnamed: 2260,,,
Unnamed: 2261,,,
Unnamed: 2262,,,
Unnamed: 2263,,,
Unnamed: 2264,,,
Unnamed: 2265,,,
Unnamed: 2266,,,
Unnamed: 2267,,,
Unnamed: 2268,,,
Unnamed: 2269,,,
Unnamed: 2270,,,
Unnamed: 2271,,,
Unnamed: 2272,,,
Unnamed: 2273,,,
Unnamed: 2274,,,
Unnamed: 2275,,,
Unnamed: 2276,,,
Unnamed: 2277,,,
Unnamed: 2278,,,
Unnamed: 2279,,,
Unnamed: 2280,,,
Unnamed: 2281,,,
Unnamed: 2282,,,
Unnamed: 2283,,,
Unnamed: 2284,,,
Unnamed: 2285,,,
Unnamed: 2286,,,
Unnamed: 2287,,,
Unnamed: 2288,,,
Unnamed: 2289,,,
Unnamed: 2290,,,
Unnamed: 2291,,,
Unnamed: 2292,,,
Unnamed: 2293,,,
Unnamed: 2294,,,
Unnamed: 2295,,,
Unnamed: 2296,,,
Unnamed: 2297,,,
Unnamed: 2298,,,
Unnamed: 2299,,,
Unnamed: 2300,,,
Unnamed: 2301,,,
Unnamed: 2302,,,
Unnamed: 2303,,,
Unnamed: 2304,,,
Unnamed: 2305,,,
Unnamed: 2306,,,
Unnamed: 2307,,,
Unnamed: 2308,,,
Unnamed: 2309,,,
Unnamed: 2310,,,
Unnamed: 2311,,,
Unnamed: 2312,,,
Unnamed: 2313,,,
Unnamed: 2314,,,
Unnamed: 2315,,,
Unnamed: 2316,,,
Unnamed: 2317,,,
Unnamed: 2318,,,
Unnamed: 2319,,,
Unnamed: 2320,,,
Unnamed: 2321,,,
Unnamed: 2322,,,
Unnamed: 2323,,,
Unnamed: 2324,,,
Unnamed: 2325,,,
Unnamed: 2326,,,
Unnamed: 2327,,,
Unnamed: 2328,,,
Unnamed: 2329,,,
Unnamed: 2330,,,
Unnamed: 2331,,,
Unnamed: 2332,,,
Unnamed: 2333,,,
Unnamed: 2334,,,
Unnamed: 2335,,,
Unnamed: 2336,,,
Unnamed: 2337,,,
Unnamed: 2338,,,
Unnamed: 2339,,,
Unnamed: 2340,,,
Unnamed: 2341,,,
Unnamed: 2342,,,
Unnamed: 2343,,,
Unnamed: 2344,,,
Unnamed: 2345,,,
Unnamed: 2346,,,
Unnamed: 2347,,,
Unnamed: 2348,,,
Unnamed: 2349,,,
Unnamed: 2350,,,
Unnamed: 2351,,,
Unnamed: 2352,,,
Unnamed: 2353,,,
Unnamed: 2354,,,
Unnamed: 2355,,,
Unnamed: 2356,,,
Unnamed: 2357,,,
Unnamed: 2358,,,
Unnamed: 2359,,,
Unnamed: 2360,,,
Unnamed: 2361,,,
Unnamed: 2362,,,
Unnamed: 2363,,,
Unnamed: 2364,,,
Unnamed: 2365,,,
Unnamed: 2366,,,
Unnamed: 2367,,,
Unnamed: 2368,,,
Unnamed: 2369,,,
Unnamed: 2370,,,
Unnamed: 2371,,,
Unnamed: 2372,,,
Unnamed: 2373,,,
Unnamed: 2374,,,
Unnamed: 2375,,,
Unnamed: 2376,,,
Unnamed: 2377,,,
Unnamed: 2378,,,
Unnamed: 2379,,,
Unnamed: 2380,,,
Unnamed: 2381,,,
Unnamed: 2382,,,
Unnamed: 2383,,,
Unnamed: 2384,,,
Unnamed: 2385,,,
Unnamed: 2386,,,
Unnamed: 2387,,,
Unnamed: 2388,,,
Unnamed: 2389,,,
Unnamed: 2390,,,
Unnamed: 2391,,,
Unnamed: 2392,,,
Unnamed: 2393,,,
Unnamed: 2394,,,
Unnamed: 2395,,,
Unnamed: 2396,,,
Unnamed: 2397,,,
Unnamed: 2398,,,
Unnamed: 2399,,,
Unnamed: 2400,,,
Unnamed: 2401,,,
Unnamed: 2402,,,
Unnamed: 2403,,,
Unnamed: 2404,,,
Unnamed: 2405,,,
Unnamed: 2406,,,
Unnamed: 2407,,,
Unnamed: 2408,,,
Unnamed: 2409,,,
Unnamed: 2410,,,
Unnamed: 2411,,,
Unnamed: 2412,,,
Unnamed: 2413,,,
Unnamed: 2414,,,
Unnamed: 2415,,,
Unnamed: 2416,,,
Unnamed: 2417,,,
Unnamed: 2418,,,
Unnamed: 2419,,,
Unnamed: 2420,,,
Unnamed: 2421,,,
Unnamed: 2422,,,
Unnamed: 2423,,,
Unnamed: 2424,,,
Unnamed: 2425,,,
Unnamed: 2426,,,
Unnamed: 2427,,,
Unnamed: 2428,,,
Unnamed: 2429,,,
Unnamed: 2430,,,
Unnamed: 2431,,,
Unnamed: 2432,,,
Unnamed: 2433,,,
Unnamed: 2434,,,
Unnamed: 2435,,,
Unnamed: 2436,,,
Unnamed: 2437,,,
Unnamed: 2438,,,
Unnamed: 2439,,,
Unnamed: 2440,,,
Unnamed: 2441,,,
Unnamed: 2442,,,
Unnamed: 2443,,,
Unnamed: 2444,,,
Unnamed: 2445,,,
Unnamed: 2446,,,
Unnamed: 2447,,,
Unnamed: 2448,,,
Unnamed: 2449,,,
Unnamed: 2450,,,
Unnamed: 2451,,,
Unnamed: 2452,,,
Unnamed: 2453,,,
Unnamed: 2454,,,
Unnamed: 2455,,,
Unnamed: 2456,,,
Unnamed: 2457,,,
Unnamed: 2458,,,
Unnamed: 2459,,,
Unnamed: 2460,,,
Unnamed: 2461,,,
Unnamed: 2462,,,
Unnamed: 2463,,,
Unnamed: 2464,,,
Unnamed: 2465,,,
Unnamed: 2466,,,
Unnamed: 2467,,,
Unnamed: 2468,,,
Unnamed: 2469,,,
Unnamed: 2470,,,
Unnamed: 2471,,,
Unnamed: 2472,,,
Unnamed: 2473,,,
Unnamed: 2474,,,
Unnamed: 2475,,,
Unnamed: 2476,,,
Unnamed: 2477,,,
Unnamed: 2478,,,
Unnamed: 2479,,,
Unnamed: 2480,,,
Unnamed: 2481,,,
Unnamed: 2482,,,
Unnamed: 2483,,,
Unnamed: 2484,,,
Unnamed: 2485,,,
Unnamed: 2486,,,
Unnamed: 2487,,,
Unnamed: 2488,,,
Unnamed: 2489,,,
Unnamed: 2490,,,
Unnamed: 2491,,,
Unnamed: 2492,,,
Unnamed: 2493,,,
Unnamed: 2494,,,
Unnamed: 2495,,,
Unnamed: 2496,,,
Unnamed: 2497,,,
Unnamed: 2498,,,
Unnamed: 2499,,,
Unnamed: 2500,,,
Unnamed: 2501,,,
Unnamed: 2502,,,
Unnamed: 2503,,,
Unnamed: 2504,,,
Unnamed: 2505,,,
Unnamed: 2506,,,
Unnamed: 2507,,,
Unnamed: 2508,,,
Unnamed: 2509,,,
Unnamed: 2510,,,
Unnamed: 2511,,,
Unnamed: 2512,,,
Unnamed: 2513,,,
Unnamed: 2514,,,
Unnamed: 2515,,,
Unnamed: 2516,,,
Unnamed: 2517,,,
Unnamed: 2518,,,
Unnamed: 2519,,,
Unnamed: 2520,,,
Unnamed: 2521,,,
Unnamed: 2522,,,
Unnamed: 2523,,,
Unnamed: 2524,,,
Unnamed: 2525,,,
Unnamed: 2526,,,
Unnamed: 2527,,,
Unnamed: 2528,,,
Unnamed: 2529,,,
Unnamed: 2530,,,
Unnamed: 2531,,,
Unnamed: 2532,,,
Unnamed: 2533,,,
Unnamed: 2534,,,
Unnamed: 2535,,,
Unnamed: 2536,,,
Unnamed: 2537,,,
Unnamed: 2538,,,
Unnamed: 2539,,,
Unnamed: 2540,,,
Unnamed: 2541,,,
Unnamed: 2542,,,
Unnamed: 2543,,,
Unnamed: 2544,,,
Unnamed: 2545,,,
Unnamed: 2546,,,
Unnamed: 2547,,,
Unnamed: 2548,,,
Unnamed: 2549,,,
Unnamed: 2550,,,
Unnamed: 2551,,,
Unnamed: 2552,,,
Unnamed: 2553,,,
Unnamed: 2554,,,
Unnamed: 2555,,,
Unnamed: 2556,,,
Unnamed: 2557,,,
Unnamed: 2558,,,
Unnamed: 2559,,,
Unnamed: 2560,,,
Unnamed: 2561,,,
Unnamed: 2562,,,
Unnamed: 2563,,,
Unnamed: 2564,,,
Unnamed: 2565,,,
Unnamed: 2566,,,
Unnamed: 2567,,,
Unnamed: 2568,,,
Unnamed: 2569,,,
Unnamed: 2570,,,
Unnamed: 2571,,,
Unnamed: 2572,,,
Unnamed: 2573,,,
Unnamed: 2574,,,
Unnamed: 2575,,,
Unnamed: 2576,,,
Unnamed: 2577,,,
Unnamed: 2578,,,
Unnamed: 2579,,,
Unnamed: 2580,,,
Unnamed: 2581,,,
Unnamed: 2582,,,
Unnamed: 2583,,,
Unnamed: 2584,,,
Unnamed: 2585,,,
Unnamed: 2586,,,
Unnamed: 2587,,,
Unnamed: 2588,,,
Unnamed: 2589,,,
Unnamed: 2590,,,
Unnamed: 2591,,,
Unnamed: 2592,,,
Unnamed: 2593,,,
Unnamed: 2594,,,
Unnamed: 2595,,,
Unnamed: 2596,,,
Unnamed: 2597,,,
Unnamed: 2598,,,
Unnamed: 2599,,,
Unnamed: 2600,,,
Unnamed: 2601,,,
Unnamed: 2602,,,
Unnamed: 2603,,,
Unnamed: 2604,,,
Unnamed: 2605,,,
Unnamed: 2606,,,
Unnamed: 2607,,,
Unnamed: 2608,,,
Unnamed: 2609,,,
Unnamed: 2610,,,
Unnamed: 2611,,,
Unnamed: 2612,,,
Unnamed: 2613,,,
Unnamed: 2614,,,
Unnamed: 2615,,,
Unnamed: 2616,,,
Unnamed: 2617,,,
Unnamed: 2618,,,
Unnamed: 2619,,,
Unnamed: 2620,,,
Unnamed: 2621,,,
Unnamed: 2622,,,
Unnamed: 2623,,,
Unnamed: 2624,,,
Unnamed: 2625,,,
Unnamed: 2626,,,
Unnamed: 2627,,,
Unnamed: 2628,,,
Unnamed: 2629,,,
Unnamed: 2630,,,
Unnamed: 2631,,,
Unnamed: 2632,,,
Unnamed: 2633,,,
Unnamed: 2634,,,
Unnamed: 2635,,,
Unnamed: 2636,,,
Unnamed: 2637,,,
Unnamed: 2638,,,
Unnamed: 2639,,,
Unnamed: 2640,,,
Unnamed: 2641,,,
Unnamed: 2642,,,
Unnamed: 2643,,,
Unnamed: 2644,,,
Unnamed: 2645,,,
Unnamed: 2646,,,
Unnamed: 2647,,,
Unnamed: 2648,,,
Unnamed: 2649,,,
Unnamed: 2650,,,
Unnamed: 2651,,,
Unnamed: 2652,,,
Unnamed: 2653,,,
Unnamed: 2654,,,
Unnamed: 2655,,,
Unnamed: 2656,,,
Unnamed: 2657,,,
Unnamed: 2658,,,
Unnamed: 2659,,,
Unnamed: 2660,,,
Unnamed: 2661,,,
Unnamed: 2662,,,
Unnamed: 2663,,,
Unnamed: 2664,,,
Unnamed: 2665,,,
Unnamed: 2666,,,
Unnamed: 2667,,,
Unnamed: 2668,,,
Unnamed: 2669,,,
Unnamed: 2670,,,
Unnamed: 2671,,,
Unnamed: 2672,,,
Unnamed: 2673,,,
Unnamed: 2674,,,
Unnamed: 2675,,,
Unnamed: 2676,,,
Unnamed: 2677,,,
Unnamed: 2678,,,
Unnamed: 2679,,,
Unnamed: 2680,,,
Unnamed: 2681,,,
Unnamed: 2682,,,
Unnamed: 2683,,,
Unnamed: 2684,,,
Unnamed: 2685,,,
Unnamed: 2686,,,
Unnamed: 2687,,,
Unnamed: 2688,,,
Unnamed: 2689,,,
Unnamed: 2690,,,
Unnamed: 2691,,,
Unnamed: 2692,,,
Unnamed: 2693,,,
Unnamed: 2694,,,
Unnamed: 2695,,,
Unnamed: 2696,,,
Unnamed: 2697,,,
Unnamed: 2698,,,
Unnamed: 2699,,,
Unnamed: 2700,,,
Unnamed: 2701,,,
Unnamed: 2702,,,
Unnamed: 2703,,,
Unnamed: 2704,,,
Unnamed: 2705,,,
Unnamed: 2706,,,
Unnamed: 2707,,,
Unnamed: 2708,,,
Unnamed: 2709,,,
Unnamed: 2710,,,
Unnamed: 2711,,,
Unnamed: 2712,,,
Unnamed: 2713,,,
Unnamed: 2714,,,
Unnamed: 2715,,,
Unnamed: 2716,,,
Unnamed: 2717,,,
Unnamed: 2718,,,
Unnamed: 2719,,,
Unnamed: 2720,,,
Unnamed: 2721,,,
Unnamed: 2722,,,
Unnamed: 2723,,,
Unnamed: 2724,,,
Unnamed: 2725,,,
Unnamed: 2726,,,
Unnamed: 2727,,,
Unnamed: 2728,,,
Unnamed: 2729,,,
Unnamed: 2730,,,
Unnamed: 2731,,,
Unnamed: 2732,,,
Unnamed: 2733,,,
Unnamed: 2734,,,
Unnamed: 2735,,,
Unnamed: 2736,,,
Unnamed: 2737,,,
Unnamed: 2738,,,
Unnamed: 2739,,,
Unnamed: 2740,,,
Unnamed: 2741,,,
Unnamed: 2742,,,
Unnamed: 2743,,,
Unnamed: 2744,,,
Unnamed: 2745,,,
Unnamed: 2746,,,
Unnamed: 2747,,,
Unnamed: 2748,,,
Unnamed: 2749,,,
Unnamed: 2750,,,
Unnamed: 2751,,,
Unnamed: 2752,,,
Unnamed: 2753,,,
Unnamed: 2754,,,
Unnamed: 2755,,,
Unnamed: 2756,,,
Unnamed: 2757,,,
Unnamed: 2758,,,
Unnamed: 2759,,,
Unnamed: 2760,,,
Unnamed: 2761,,,
Unnamed: 2762,,,
Unnamed: 2763,,,
Unnamed: 2764,,,
Unnamed: 2765,,,
Unnamed: 2766,,,
Unnamed: 2767,,,
Unnamed: 2768,,,
Unnamed: 2769,,,
Unnamed: 2770,,,
Unnamed: 2771,,,
Unnamed: 2772,,,
Unnamed: 2773,,,
Unnamed: 2774,,,
Unnamed: 2775,,,
Unnamed: 2776,,,
Unnamed: 2777,,,
Unnamed: 2778,,,
Unnamed: 2779,,,
Unnamed: 2780,,,
Unnamed: 2781,,,
Unnamed: 2782,,,
Unnamed: 2783,,,
Unnamed: 2784,,,
Unnamed: 2785,,,
Unnamed: 2786,,,
Unnamed: 2787,,,
Unnamed: 2788,,,
Unnamed: 2789,,,
Unnamed: 2790,,,
Unnamed: 2791,,,
Unnamed: 2792,,,
Unnamed: 2793,,,
Unnamed: 2794,,,
Unnamed: 2795,,,
Unnamed: 2796,,,
Unnamed: 2797,,,
Unnamed: 2798,,,
Unnamed: 2799,,,
Unnamed: 2800,,,
Unnamed: 2801,,,
Unnamed: 2802,,,
Unnamed: 2803,,,
Unnamed: 2804,,,
Unnamed: 2805,,,
Unnamed: 2806,,,
Unnamed: 2807,,,
Unnamed: 2808,,,
Unnamed: 2809,,,
Unnamed: 2810,,,
Unnamed: 2811,,,
Unnamed: 2812,,,
Unnamed: 2813,,,
Unnamed: 2814,,,
Unnamed: 2815,,,
Unnamed: 2816,,,
Unnamed: 2817,,,
Unnamed: 2818,,,
Unnamed: 2819,,,
Unnamed: 2820,,,
Unnamed: 2821,,,
Unnamed: 2822,,,
Unnamed: 2823,,,
Unnamed: 2824,,,
Unnamed: 2825,,,
Unnamed: 2826,,,
Unnamed: 2827,,,
Unnamed: 2828,,,
Unnamed: 2829,,,
Unnamed: 2830,,,
Unnamed: 2831,,,
Unnamed: 2832,,,
Unnamed: 2833,,,
Unnamed: 2834,,,
Unnamed: 2835,,,
Unnamed: 2836,,,
Unnamed: 2837,,,
Unnamed: 2838,,,
Unnamed: 2839,,,
Unnamed: 2840,,,
Unnamed: 2841,,,
Unnamed: 2842,,,
Unnamed: 2843,,,
Unnamed: 2844,,,
Unnamed: 2845,,,
Unnamed: 2846,,,
Unnamed: 2847,,,
Unnamed: 2848,,,
Unnamed: 2849,,,
Unnamed: 2850,,,
Unnamed: 2851,,,
Unnamed: 2852,,,
Unnamed: 2853,,,
Unnamed: 2854,,,
Unnamed: 2855,,,
Unnamed: 2856,,,
Unnamed: 2857,,,
Unnamed: 2858,,,
Unnamed: 2859,,,
Unnamed: 2860,,,
Unnamed: 2861,,,
Unnamed: 2862,,,
Unnamed: 2863,,,
Unnamed: 2864,,,
Unnamed: 2865,,,
Unnamed: 2866,,,
Unnamed: 2867,,,
Unnamed: 2868,,,
Unnamed: 2869,,,
Unnamed: 2870,,,
Unnamed: 2871,,,
Unnamed: 2872,,,
Unnamed: 2873,,,
Unnamed: 2874,,,
Unnamed: 2875,,,
Unnamed: 2876,,,
Unnamed: 2877,,,
Unnamed: 2878,,,
Unnamed: 2879,,,
Unnamed: 2880,,,
Unnamed: 2881,,,
Unnamed: 2882,,,
Unnamed: 2883,,,
Unnamed: 2884,,,
Unnamed: 2885,,,
Unnamed: 2886,,,
Unnamed: 2887,,,
Unnamed: 2888,,,
Unnamed: 2889,,,
Unnamed: 2890,,,
Unnamed: 2891,,,
Unnamed: 2892,,,
Unnamed: 2893,,,
Unnamed: 2894,,,
Unnamed: 2895,,,
Unnamed: 2896,,,
Unnamed: 2897,,,
Unnamed: 2898,,,
Unnamed: 2899,,,
Unnamed: 2900,,,
Unnamed: 2901,,,
Unnamed: 2902,,,
Unnamed: 2903,,,
Unnamed: 2904,,,
Unnamed: 2905,,,
Unnamed: 2906,,,
Unnamed: 2907,,,
Unnamed: 2908,,,
Unnamed: 2909,,,
Unnamed: 2910,,,
Unnamed: 2911,,,
Unnamed: 2912,,,
Unnamed: 2913,,,
Unnamed: 2914,,,
Unnamed: 2915,,,
Unnamed: 2916,,,
Unnamed: 2917,,,
Unnamed: 2918,,,
Unnamed: 2919,,,
Unnamed: 2920,,,
Unnamed: 2921,,,
Unnamed: 2922,,,
Unnamed: 2923,,,
Unnamed: 2924,,,
Unnamed: 2925,,,
Unnamed: 2926,,,
Unnamed: 2927,,,
Unnamed: 2928,,,
Unnamed: 2929,,,
Unnamed: 2930,,,
Unnamed: 2931,,,
Unnamed: 2932,,,
Unnamed: 2933,,,